author,author_href,description,number_of_user_opinions,number_of_user_ratings,number_of_discussions,Kategoria,Format,Cykl,Tytuł oryginału,Wydawnictwo,Data wydania,Data 1. wyd. pol.,Data 1. wydania,Liczba stron,Czas czytania,Język,ISBN,Tłumacz,Ekranizacje,number_of_people_read,number_of_people_has,number_of_people_favorite,number_of_people_wants_to_read,number_of_people_wants_as_gift,number_of_people_currently_read,tags,rating_10,rating_9,rating_8,rating_7,rating_6,rating_5,rating_4,rating_3,rating_2,rating_1,url,Inne,author1,author_href1,Seria,author2,author_href2,author3,author_href3,author4,author_href4,author5,author_href5,author6,author_href6,author7,author_href7,author8,author_href8,author9,author_href9,author10,author_href10,author11,author_href11,author12,author_href12,author13,author_href13,author14,author_href14,author15,author_href15,author16,author_href16,author17,author_href17,author18,author_href18,author19,author_href19,author20,author_href20,author21,author_href21,author22,author_href22,author23,author_href23,author24,author_href24,author25,author_href25,author26,author_href26,author27,author_href27
Henryk Sienkiewicz,https://lubimyczytac.pl/autor/2062/henryk-sienkiewicz," Powieść historyczna wydana po raz pierwszy w roku 1896. Motywem przewodnim są narodziny chrześcijaństwa i zmierzch imperium rzymskiego za czasów Nerona. Na tle wydarzeń historycznych związanych z prześladowaniem chrześcijan rozgrywa się wątek miłosny Ligii i Winicjusza – chrześcijanki z barbarzyńskiego plemienia Ligów z patrycjuszem rzymskim. Sukces, jaki odniosła powieść, był niespotykany i utorował Sienkiewiczowi drogę do Literackiej Nagrody Nobla, którą otrzymał w 1905 roku za całokształt twórczości. Do dziś dzieło przełożono na prawie 60 języków, a liczbę sprzedanych egzemplarzy liczy się w milionach. ",924,18371,0,klasyka,papier,,Quo vadis,Hachette Polska,2024-09-18,1954-01-01,1999-01-01,480.0,8  godz. 0 min.,polski,9788328254893,,Quo vadis (2001),28171,6156.0,1054.0,3137,,253.0,,1814,2495,3180,5420,2518,1602,504,519,133,186,https://lubimyczytac.pl/ksiazka/5131372/quo-vadis,,,,Biblioteka Polska Hachette,,,,,,,,,,,,,,,,,,,,,,,,,,,,,,,,,,,,,,,,,,,,,,,,,,,,
George R.R. Martin,https://lubimyczytac.pl/autor/19287/george-r-r-martin," Na wschodzie Daenerys Targaryen, ostatnia z rodu Targaryenów, włada przy pomocy swych trzech smoków miastem zbudowanym na marzeniach i pyle. Daenerys ma jednak tysiące wrogów i wielu z nich postanowiło ją odnaleźć...￼Tyrion Lannister, uciekłszy z Westeros, gdy wyznaczono nagrodę za jego głowę, również zmierza do Daenerys. Jego nowi towarzysze podróży nie są jednak obdartą bandą wyrzutków, jaką mogliby się wydawać, a jeden z nich może na zawsze pozbawić Daenerys praw do westeroskiego tronu...￼Północy broni gigantyczny Mur z lodu i kamienia. Tam właśnie przed Jonem Snow, dziewięćset dziewięćdziesiątym ósmym lordem dowódcą Nocnej Straży, stanie najpoważniejsze jak dotąd wyzwanie. Ma bowiem potężnych wrogów nie tylko w samej Straży, lecz również poza nią, pośród lodowych istot mieszkających za Murem...Wszędzie narastają gwałtowne konflikty, w których uczestniczą banici i kapłani, żołnierze i zmiennokształtni, szlachetnie urodzeni i niewolnicy. W czasie narastających niepokojów fale przeznaczenia nieuchronnie prowadzą bohaterów do największego ze wszystkich tańców... ",488,17052,0,"fantasy, science fiction",papier,Pieśń Lodu i Ognia (tom 5.1),A Dance with Dragons,Zysk i S-ka,2016-04-25,2011-11-22,2011-01-01,632.0,10  godz. 32 min.,polski,9788377858851,Michał Jakuszewski,,24005,5426.0,1554.0,7755,415.0,358.0,Michał Jakuszewski&gra o tron&stark,2550,3367,5604,3679,1403,314,77,40,12,6,https://lubimyczytac.pl/ksiazka/301205/taniec-ze-smokami-czesc-1,#0 Top 100 4 nagrody,,,Pieśń lodu i ognia,,,,,,,,,,,,,,,,,,,,,,,,,,,,,,,,,,,,,,,,,,,,,,,,,,,,
Jakub Żulczyk,https://lubimyczytac.pl/autor/16349/jakub-zulczyk," Zagadkowa, dynamiczna miejska odyseja, pełna zaskakujących zwrotów akcji i splotów wydarzeń, skłaniająca do zastanowienia, co znaczą w dzisiejszych czasach podstawowe wartości: miłość, przyjaźń czy wierność. A może raczej… ile kosztują? Zawsze chodzi wyłącznie o pieniądze. O nic innego. Ktoś może powiedzieć ci, że to niska pobudka. To nieprawda - oświadcza bohater najnowszej powieści Jakuba Żulczyka. Ten młody człowiek przyjechał z Olsztyna do Warszawy, gdzie prawie skończył ASP. By uniknąć powielania egzystencjalnych schematów swoich rówieśników – przyszłych meneli, ludzi mogących w najlepszym razie otrzeć się o warstwy klasy średniej, niepoprawnych idealistów – dokonał życiowego wyboru według własnych upodobań: Zawsze lubiłem ważyć i liczyć. Waży więc narkotyki i liczy pieniądze jako handlarz kokainy. W dzień śpi, w nocy odbywa samochodowy rajd po mieście, rozprowadzając towar, ale także bezwzględnie i brutalnie ściągając od dłużników pieniądze, przy pomocy odpowiednich ludzi. Jego klientów, zamożnych przedstawicieli elity finansowej i kulturalnej, łączy przekonanie, że: Kokaina i alkohol kochają cię najbardziej na świecie. Bezwarunkowo. Jak matka, jak Jezus Chrystus, zmieniają nocne w miasto w panopticum ludzkich słabości i żądzy. Jakub Żulczyk w poruszający sposób ukazuje współczesną rzeczywistość, zdeformowaną do tego stopnia, że handlarz narkotyków staje się równie niezbędny jak strażak czy lekarz; jest nocnym dostawcą paliwa dla tych, którzy chcą – albo muszą – utrzymać się na powierzchni. ",1763,16043,0,"kryminał, sensacja, thriller",papier,Ślepnąc od świateł (tom 1),,Świat Książki,2023-10-16,2014-10-22,2021-04-07,520.0,8  godz. 40 min.,polski,9788382891980,,,19620,4079.0,527.0,9107,,691.0,alkohol&celebryci&elita kulturalna&nałogi&narkotyki&Polska&powieść obyczajowa&półświatek&przemoc&rywalizacja&stres&ucieczka od życia&współczesność&Jakub Żulczyk,1015,2132,4760,4301,2197,869,305,266,98,100,https://lubimyczytac.pl/ksiazka/5085868/slepnac-od-swiatel,#0 Top 100 1 nagroda,,,,,,,,,,,,,,,,,,,,,,,,,,,,,,,,,,,,,,,,,,,,,,,,,,,,,,,
Andrzej Sapkowski,https://lubimyczytac.pl/autor/3291/andrzej-sapkowski," Nowy wspaniały cykl - nowy wspaniały świat!""Narrenturm"" to pierwszy tom fantastyczno-historycznej trylogii, której akcja rozgrywa się na Śląsku w początkach piętnastego wieku. Autor kultowej sagi o wiedźminie udowodnił, że równie dobrze czuje się w odmiennej konwencji literackiej. Głęboka erudycja i dbałość o szczegół w połączeniu z mistrzostwem pióra sprawiają, że Śląsk z czasów wojen husyckich ożywa na kartach książki. Główny bohater, Reinmar z Bielawy, zwany Reynevanem, to postać całkowicie odmienna od wiedźmina: uczony zielarz i medyk, młodzieniec nieco naiwny, ale niezwykle sympatyczny. Reinmar nieustannie popada w kłopoty z winy swego romantycznego usposobienia. Zakochany w pięknej Adeli, żonie rycerza Gelfrada de Stercza, musiał ratować się ucieczką, kiedy bracia rycerza przyłapali go in flagranti. Tak rozpoczyna się epicka podróż Reynevana przez ziemie dawnego Śląska szarpanego wojną religijną z husytyzmem . W wędrówce tej Reynevan odwiedza miejsca, które nadal można znaleźć na mapach, spotyka autentyczne postacie historyczne, m. in. Zawiszę Czarnego (którego autor odbrązowił z właściwym sobie przewrotnym humorem),uczestniczy w prawdziwych historycznych wydarzeniach. Ścigany nie tylko przez żądnych zemsty braci Sterczów, ale też przez świętą Inkwizycję, Reynevan trafia w końcu do tytułowego Narrenturmu, czyli Wieży Głupców, średniowiecznego azylu dla obłąkanych czy po prostu myślących inaczej. „Pacjenci” tej instytucji to niezrównana galeria barwnych typów: spotykamy tu m. in. młodego Kopernika , głoszącego pochwałę systemu heliocentrycznego.Typowe dla Sapkowskiego mistrzowskie połączenie powagi i groteski, wartka akcja, malownicze tło i niezrównane dialogi sprawiają, że książkę czyta się jednym tchem. Fantastyczne akcenty wplecione są w tkankę narracji tak umiejętnie, że wydają się integralną częścią historycznej rzeczywistości. Czytelnik obznajomiony z gatunkiem fantastyki znajdzie tutaj również pastisze najgłośniejszych dokonań ostatnich lat, m. in. Harry’ego Pottera. ",858,15364,0,"fantasy, science fiction",papier,Trylogia husycka (tom 1),,superNOWA,2020-01-01,2002-01-01,,639.0,10  godz. 39 min.,polski,9788375781397,,,20223,3862.0,1028.0,5047,202.0,401.0,Nagroda Zajdla - zwycięzca&Andrzej Sapkowski&Trylogia Husycka&wojny husyckie&Śląsk&fantasy,1582,3009,4347,3926,1398,686,169,187,34,26,https://lubimyczytac.pl/ksiazka/4971661/narrenturm,,,,,,,,,,,,,,,,,,,,,,,,,,,,,,,,,,,,,,,,,,,,,,,,,,,,,,,,
Jarosław Grzędowicz,https://lubimyczytac.pl/autor/3245/jaroslaw-grzedowicz," Wydanie w twardych okładkach.Władza… Wystarczyło zaledwie czworo obdarzonych jej pełnią Ziemian, by z planety Midgaard uczynić istne piekło.Vuko Drakkainen podąża śladami ich przerażającego szaleństwa. Z misją: zlikwidować! Odesłać na Ziemię, lub pogrzebać na bagnach. Problem w tym, że oni stali się… Bogami.Filar, cesarski syn, mimo młodego wieku zaznał już losu władcy i wygnańca, wodza i niewolnika. Podąża ku przeznaczeniu, szukając ratunku dla swego skazanego na zagładę świata.Nafaszerowany magią, naszpikowany akcją. Nie spoczniesz, dopóki nie skończysz.""To irytujące, kiedy coś odrywa cię od lektury dobrej książki, prawda? Zawsze, kiedy musiałem przerywać lekturę ""Pana Lodowego Ogrodu"", byłem wściekły. To świetna powieść.""Tomasz Kołodziejczak, autor ""Skazy na niebie""""Trzeci tom cyklu to prawdziwa uczta. Drakkar niesie Vuko i jego drużynę wnieznane. Gdzieś tam daleko czeka Lodowy Ogród, a w nim, niczym pająk wsieci, władca, któremu korona wyrasta wprost z czaszki...""Andrzej Pilipiuk""Grzędowicz to pisarz wysokiej próby i zdecydowanie górnej półki. Jedna z tych osób, dzięki której - tak jak dzięki Sapkowskiemu czy Dukajowi - proza fantastyczna przestaje być literaturą niszową i dla fanów. ""Pan LodowegoOgrodu"" to książka po prostu znakomita i nie ma się co dalej rozwodzić nad tematem.""Onet.pl ",686,15072,0,"fantasy, science fiction",papier,Pan Lodowego Ogrodu (tom 3),,Fabryka Słów,2021-10-08,2009-11-27,2011-02-14,484.0,8  godz. 4 min.,polski,9788379646661,,,19641,4539.0,1201.0,4144,148.0,230.0,,1984,3272,5312,3154,922,288,68,46,15,11,https://lubimyczytac.pl/ksiazka/4974295/pan-lodowego-ogrodu---ksiega-iii,,,,,,,,,,,,,,,,,,,,,,,,,,,,,,,,,,,,,,,,,,,,,,,,,,,,,,,,
Jan Brzechwa,https://lubimyczytac.pl/autor/6418/jan-brzechwa," Nazywam się Adam Niezgódka, mam dwanaście lat i już od pół roku jestem w Akademii pana Kleksa. W domu nic mi się nigdy nie udawało. Zawsze spóźniałem się do szkoły, nigdy nie zdążyłem odrobić lekcji i miałem gliniane ręce. Wszystko upuszczałem na podłogę i tłukłem, a szklanki i spodki na sam mój widok pękały i rozlatywały się w drobne kawałki, zanim jeszcze zdążyłem ich dotknąć. Nie znosiłem krupniku i marchewki, a właśnie codziennie dostawałem na obiad krupnik i marchewkę, bo to pożywne i zdrowe. Kiedy na domiar złego oblałem atramentem parę spodni, obrus i nowy kostium mamy, rodzice postanowili wysłać mnie na naukę i wychowanie do papa Kleksa. ",825,14088,0,literatura dziecięca,papier,Pan Kleks (tom 1),,Greg,2013-09-05,1964-01-01,,136.0,2  godz. 16 min.,polski,9788375174489,,,23899,2535.0,420.0,655,,,lektura szkolna&chłopiec&dziecko&akademia&pan kleks&szkoła&magia,717,1179,1690,3990,2841,2116,583,635,109,228,https://lubimyczytac.pl/ksiazka/200012/akademia-pana-kleksa,,,,Kolorowa Klasyka,,,,,,,,,,,,,,,,,,,,,,,,,,,,,,,,,,,,,,,,,,,,,,,,,,,,
Christopher Paolini,https://lubimyczytac.pl/autor/3217/christopher-paolini," Do niedawna Eragon, Smoczy jeździec, był biednym synem farmera, a jego smoczyca Saphira jedynie błękitnym kamieniem w lesie. Długie miesiące treningów i bitew przyniosły zwycięstwa i nadzieję, ale także wielkie straty. Mimo to najważniejsza bitwa ciągle przed nimi: czeka ich ostateczna rozgrywka z Galbatoriksem.Kiedy to już nastąpi, będą musieli być wystarczająco silni, by go pokonać. Bo jeśli nie oni, nikt nie podoła temu zadaniu. Nie będzie też drugiej szansy.Smok i jego jeździec zaszli dalej, niż ktokolwiek mógł przypuszczać, ale czy uda się im obalić złego króla i przywrócić sprawiedliwość w Alagaësii. I jeśli nawet, to za jaką cenę?Nadzwyczajne uwieńczenie bestsellerowego cyklu Dziedzictwo. ",563,12731,0,"fantasy, science fiction",papier,Dziedzictwo (tom 4),Inheritance,Mag,2019-10-16,2011-11-09,2011-11-08,816.0,13  godz. 36 min.,polski,9788366409033,Paulina Braiter,,19177,5657.0,1408.0,5684,331.0,160.0,Fantastyka&dziecięce bestsellery&literatura dla dzieci i młodzieży&fantasy&science fiction&s-f,1509,1334,2528,3423,2335,924,346,198,85,49,https://lubimyczytac.pl/ksiazka/4896958/dziedzictwo,,,,,,,,,,,,,,,,,,,,,,,,,,,,,,,,,,,,,,,,,,,,,,,,,,,,,,,,
Tess Gerritsen,https://lubimyczytac.pl/autor/19176/tess-gerritsen," W Bostonie grasuje morderca biorący na cel samotne kobiety. Prasa nazwała go Chirurgiem, ponieważ zanim odbierze życie swoim ofiarom, z przerażającą precyzją usuwa im macice. Bez znieczulenia.Podobna seria morderstw miała miejsce dwa lata wcześniej. Problem w tym, że sprawca został wtedy zastrzelony przez doktor Catherine Cordell, której jako jedynej udało się ujść z życiem. Teraz znów jest na celowniku mordercy... Jej sprzymierzeńcami są detektywi Thomas Moore i Jane Rizzoli. Ale nawet oni mogą nie ochronić doktor Cordell przed genialnym myśliwym ze skalpelem... ",1180,12477,0,"kryminał, sensacja, thriller",papier,Rizzoli/Isles (tom 1),The Surgeon,Albatros,2022-08-10,2002-09-01,2002-07-30,384.0,6  godz. 24 min.,polski,8373119973,Jerzy Żebrowski,,16541,2325.0,621.0,6232,88.0,164.0,thriller medyczny,1290,1754,3898,3741,1311,344,81,45,10,3,https://lubimyczytac.pl/ksiazka/5028785/chirurg,,,,Anatomia zbrodni,,,,,,,,,,,,,,,,,,,,,,,,,,,,,,,,,,,,,,,,,,,,,,,,,,,,
Dan Brown,https://lubimyczytac.pl/autor/19390/dan-brown," Najnowszy satelita NASA wykrywa niezwykły obiekt w lodowcach Arktyki, meteoryt ze śladami życia pozaziemskiego. Biały Dom przygotowuje się do poinformowania o odkryciu światowej opinii publicznej. Stanowiłoby ono sensację na miarę lądowania człowieka na Księżycu i zapewniło urzędującemu prezydentowi USA reelekcję. W celu zbadania meteorytu i stwierdzenia jego autentyczności na Arktykę udaje się grupa naukowców. Do grupy na osobiste polecenie prezydenta dołącza Rachel Sexton, analityk wywiadu, by przygotować opis znaleziska dla Białego Domu. Towarzyszy jej Michael Tolland, światowej klasy oceanograf. Wkrótce okazuje się, że rzekome odkrycie to precyzyjnie przygotowana mistyfikacja. Człowiek, który za nią stoi, zrobi wszystko, by prawda nie ujrzała światła dziennego. Rachel i Michael muszą uciekać, tropieni przez bezlitosnych komandosów-zabójców. Próbują ostrzec prezydenta i ustalić, kto kryje się za misterną intrygą, zwodniczym punktem na kreślonej przez nich mapie spisku... ",488,11034,0,"kryminał, sensacja, thriller",papier,,Deception Point,Sonia Draga,2023-02-15,2005-01-01,2001-01-01,584.0,9  godz. 44 min.,polski,9788366661646,"Cezary Frąc, Maria Gębicka-Frąc",,15963,2848.0,308.0,3312,75.0,142.0,,572,833,1703,3524,2514,1238,262,291,45,52,https://lubimyczytac.pl/ksiazka/5048489/zwodniczy-punkt,,,,,,,,,,,,,,,,,,,,,,,,,,,,,,,,,,,,,,,,,,,,,,,,,,,,,,,,
Sarah J. Maas,https://lubimyczytac.pl/autor/74122/sarah-j-maas," Między światłem a ciemnością rozgrywa się walka, w której stawką są losy całego świata. A w magicznym świecie Fae przyjaciele potrafią być bardziej niebezpieczni niż wrogowie…Po tym, jak Feyra ocaliła Prythian, mogłoby się wydawać, że baśń dobiega końca. Dziewczyna, bezpieczna i otoczona luksusem, przygotowuje się do poślubienia ukochanego Tamlina. W Przed nią długie i szczęśliwe życie… Tylko że Feyra nigdy nie chciała być księżniczką z bajki. W snach wciąż powracają do niej wymyślne tortury Amaranthy i zbrodnia, którą popełniła, by się od nich uwolnić.W jej nowym nieśmiertelnym ciele drzemią moce, których dziewczyna nie umie opanować. W dodatku o spłatę swojego długu upomina się największy wróg Tamlina – Rhysand, Książę Dworu Nocy. Władca ciemności chce ją wykorzystać do swoich celów. Chyba że to nie Rhysand jest tym, kogo Feyra powinna się obawiać... Na Dworze Wiosny również bowiem nie jest bezpiecznie, a sam Tamlin ma przed ukochaną coraz więcej tajemnic. Czy rzeczywiście tylko po to, by ją chronić? Nadciąga widmo wojny tak groźnej jak żadna dotąd, a Feyra musi zdecydować, komu może ufać.Jeszcze mroczniejsza i bardziej zmysłowa odsłona bestsellerowej serii „Dwór cierni i róż”! Nie zaśniesz, nim nie odkryjesz wszystkich sekretów! ",1154,11094,0,romantasy,papier,Dwór cierni i róż (tom 2),A Court of Mist and Fury,Uroboros,2024-04-24,2017-01-05,2016-05-03,768.0,12  godz. 48 min.,polski,9788383196060,Jakub Radzimiński,,13955,3009.0,1723.0,3924,146.0,276.0,,3746,2785,2400,1221,521,214,88,48,44,27,https://lubimyczytac.pl/ksiazka/5109815/dwor-mgiel-i-furii,#0 Top 100 1 nagroda,,,,,,,,,,,,,,,,,,,,,,,,,,,,,,,,,,,,,,,,,,,,,,,,,,,,,,,
Andrzej Sapkowski,https://lubimyczytac.pl/autor/3291/andrzej-sapkowski," Reynevan, główny bohater tomów ""Narrenturm"" i ""Boży bojownicy"", nadal ma kłopoty, ciągle ktoś dybie na jego życie bądź przedstawia mu propozycję nie do odrzucenia. Prześladują go prozaiczni agenci wywiadu oraz siły nieczyste, wcale nie ukrywające swej diabelskiej proweniencji. Ale Reynevan żyje przecież w okrutnych i niebezpiecznych czasach. Na Śląsku i w Czechach, gdy przez ziemie te przetaczały się krucjaty i husyckie wyprawy odwetowe. Gdy nie znano słowa: ""Litość"" i z imieniem Boga na ustach wyrzynano tysiące niewinnych. Reinmar wierzy w religijną odnowę, staje po stronie zwolenników Husa, nawet gdy ci dokonują niewiarygodnych zbrodni. Cel uświęca środki. Reynevan chce pomścić śmierć brata. On, medyk i zielarz, idealista i bezinteresowny obrońca chorych i cierpiących, musi wcielić się w rolę husyckiego szpiega, dywersanta, zabójcy i bezlitosnego mściciela. Rozdarty pomiędzy obowiązkiem a głosem serca, stawia wszystko na jedną kartę, byle wyrwać ukochaną z rąk wrogów. On i Jutta to postacie niczym ze średniowiecznego romansu o Alkasynie i Nikoletcie.""Lux perpetua"" godnie wieńczy dzieło mistrza. Jest napisana z rozmachem, z niezwykłą dbałością o historyczny szczegół, z charakterystycznym dla Sapkowskiego humorem i wyczuciem językowym. Wojenne okrucieństwo kontrastuje ze wzruszającymi scenami miłosnymi, losy bohatera splecione z wątkiem wielkiej polityki zmierzają do nieuchronnego, a jednak zaskakującego finału. ",440,10766,0,"fantasy, science fiction",papier,Trylogia husycka (tom 3),,superNOWA,2020-01-01,2006-01-01,,606.0,10  godz. 6 min.,polski,9788375781410,,,14557,2997.0,723.0,3515,171.0,112.0,Nagroda Zajdla - nominacja (powieść)&Andrzej Sapkowski&Trylogia Husycka&wojny husyckie&Śląsk,1103,1982,3102,2891,1045,444,81,96,10,12,https://lubimyczytac.pl/ksiazka/4970632/lux-perpetua,,,,,,,,,,,,,,,,,,,,,,,,,,,,,,,,,,,,,,,,,,,,,,,,,,,,,,,,
Mark Twain,https://lubimyczytac.pl/autor/6103/mark-twain," Klasyka literatury młodzieżowej w nowym wydaniu.Poznajcie Toma Sawyera, największego urwisa w historii Ameryki!Tom jest sierotą z miasteczka nad rzeką Mississippi, gdzie mieszka wraz z przyrodnim bratem i ciotką Polly, która ma z nim prawdziwe urwanie głowy. Chłopiec ciągle wpada na jakiś pomysł, który wywraca do góry nogami życie najbliższej okolicy. Wyjadanie konfitur, wagary, ucieczki, włóczęgi po cmentarzach, pirackie przygody, poszukiwanie skarbu w podejrzanym towarzystwie, bójki i tym podobne ekscesy wpisują się na długą listę „przestępstw” głównego bohatera powieści Marka Twaina.Przeżyjcie wraz z tym chłopcem o dobrym sercu i wyjątkowo niespokojnej naturze mnóstwo wspaniałych, czasem niebezpiecznych przygód, w tym także tę największą, która czeka i Was – dorastanie… ",463,9276,0,literatura młodzieżowa,papier,Przygody Tomka Sawyera (tom 1),The adventures of Tom Sawyer,Kropka,2022-11-16,1949-01-01,1992-01-01,272.0,4  godz. 32 min.,polski,9788367406871,Anna Bańkowska,Przygody Tomka Sawyera (1938),15929,2228.0,281.0,1369,,,,334,484,1071,2766,2263,1421,362,358,83,134,https://lubimyczytac.pl/ksiazka/5046886/przygody-toma-sawyera,,,,,,,,,,,,,,,,,,,,,,,,,,,,,,,,,,,,,,,,,,,,,,,,,,,,,,,,
Frank Herbert,https://lubimyczytac.pl/autor/3481/frank-herbert," Fremeni pokonali Harkonnenów i imperialnych sardaukarów, a Paul poślubił księżniczkę Irulanę i zasiadł na tronie Imperium. Pustynna Arrakis, zwana Diuną, jest stolicą wszechświata. Tymczasem stare ośrodki władzy — Bene Gesserit i Gildia Kosmiczna — z pomocą fremeńskiego kapłaństwa i Bene Tleilax zawiązują spisek przeciw nowemu Imperatorowi. Czczony niczym bóg, Paul Muad’Dib wpada w pułapkę, choć zna każdą chwilę swojej przyszłości, każdy swój ruch, każdą decyzję i — przede wszystkim — swój straszliwy koniec… ",567,9226,0,"fantasy, science fiction",papier,Kroniki Diuny (tom 2),Dune Messiah,Rebis,2024-01-01,1986-01-01,1972-01-01,299.0,4  godz. 59 min.,polski,9788381884112,Marek Marszał,,12047,2823.0,336.0,3646,,309.0,Diuna&Arrakis&science fiction&Frank Herbert&Kroniki Diuny&Nebula&Hugo,596,1119,2377,3080,1370,474,116,68,15,11,https://lubimyczytac.pl/ksiazka/5114513/mesjasz-diuny,,,,Diuna,,,,,,,,,,,,,,,,,,,,,,,,,,,,,,,,,,,,,,,,,,,,,,,,,,,,
Adam Kay,https://lubimyczytac.pl/autor/157294/adam-kay," Witaj w świecie 97-godzinnych tygodni pracy. W świecie decyzji o życiu i śmierci. W świecie nieustannego tsunami płynów ustrojowych. W świecie, w którym zarabiasz dziennie mniej niż szpitalny parkometr. Pożegnaj się z przyjaciółmi i bliskimi związkami…Witaj w świecie lekarza stażysty.Spisana potajemnie po niekończących się dyżurach, bezsennych nocach i pracujących weekendach książka komika i byłego stażysty Adama Kaya to dotkliwie szczery opis czasu, który spędził na linii frontu brytyjskiej służby zdrowia. Na zmianę zabawne, przerażające i wzruszające zapiski omawiają wszystko, co chcieliście wiedzieć – i sporo rzeczy, o których wolelibyście nie wiedzieć – o życiu lekarzy na oddziale i poza nim. Uwaga, lektura może pozostawić blizny. ",1157,9236,0,"biografia, autobiografia, pamiętnik",papier,,This is Going to Hurt. Secret Diaries of a Junior Doctor,Insignis,2022-06-15,2018-06-06,2017-09-07,326.0,5  godz. 26 min.,polski,9788367323031,Katarzyna Dudzik,,11314,1618.0,258.0,4413,,259.0,literatura faktu&służba zdrowia&szpital,782,1345,3192,2497,958,286,101,42,25,8,https://lubimyczytac.pl/ksiazka/5021898/bedzie-bolalo-sekretny-dziennik-mlodego-lekarza,#0 Top 100 1 nagroda,,,,,,,,,,,,,,,,,,,,,,,,,,,,,,,,,,,,,,,,,,,,,,,,,,,,,,,
Sarah J. Maas,https://lubimyczytac.pl/autor/74122/sarah-j-maas," Feyra powraca do Dworu Wiosny, zdeterminowana by zdobyć informacje o działaniach Tamlina oraz potężnego, złowrogiego króla Hybernii, który grozi, że rozgromi cały Prythian. Jednak by to osiągnąć, musi najpierw rozegrać śmiercionośną, przewrotną grę… Jeden poślizg może zniszczyć nie tylko Feyrę, ale też cały jej świat.W obliczu wojny, która ogarnia wszystkich, Feyra znów musi decydować, komu może ufać i szukać sojuszników w najmniej oczekiwanych miejscach. Niebawem dwie armie zetrą się w krwawej, nierównej walce o władzę. ",786,9117,0,romantasy,papier,Dwór cierni i róż (tom 3),A Court of Wings and Ruin,Uroboros,2024-04-24,2017-10-18,2017-05-02,848.0,14  godz. 8 min.,polski,9788383196077,Jakub Radzimiński,,11517,2472.0,1093.0,3625,131.0,314.0,fantastyka&literatura amerykańska&magia&nastolatka&niebezpieczeństwo&nienawiść&uczucie&walka dobra ze złem&walka o przetrwanie&walka o władzę&zemsta,2303,2143,2287,1393,573,222,84,67,22,23,https://lubimyczytac.pl/ksiazka/5109941/dwor-skrzydel-i-zguby,,,,,,,,,,,,,,,,,,,,,,,,,,,,,,,,,,,,,,,,,,,,,,,,,,,,,,,,
C.S. Lewis,https://lubimyczytac.pl/autor/8430/c-s-lewis," NARNIA to pełna uroku i niezwykłych tajemnic kraina, którą czwórka młodych ludzi próbuje uratować przed siłami władców zła. Stworzył ją i opisał w siedmiotomowym cyklu ""Opowieści z Narnii"" C. S. Lewis, profesor uniwersytetu w Cambridge, zainspirowany zapamiętanym z dzieciństwa obrazem fauna idącego przez zaśnieżony las z parasolem i paczkami.W tomie czwartym zatytułowanym ""Srebrne krzesło"" Eustachy i Julia obdarzeni przez Aslana misją odnalezienia zaginionego królewicza Narnii, wędrując w towarzystwie dzielnego Błotosmętka przez budzące zdumienie i grozę krainy, odkrywają, że przeciwstawienie się złu daje zadziwiającą siłę do walki z nim.Ilustrowała: Pauline Baynes ",350,8811,0,"fantasy, science fiction",papier,Opowieści z Narnii (tom 4),The Silver Chair,Media Rodzina,2002-01-01,1987-01-01,2000-06-01,234.0,3  godz. 54 min.,polski,9788372781833,Andrzej Polkowski,,14187,3635.0,612.0,2640,90.0,100.0,Narnia&Aslan,638,865,1485,3013,1711,808,158,104,17,12,https://lubimyczytac.pl/ksiazka/9600/opowiesci-z-narnii-srebrne-krzeslo,,,,,,,,,,,,,,,,,,,,,,,,,,,,,,,,,,,,,,,,,,,,,,,,,,,,,,,,
Richelle Mead,https://lubimyczytac.pl/autor/30688/richelle-mead," MAGIA, NAMIĘTNOŚCI I INTRYGI W SZKOLE DLA WAMPIRÓWW ukrytej przed światem Akademii Świętego Władimira wampiry czystej krwi – moroje – uczą się posługiwać swoimi nadprzyrodzonymi mocami, a mieszańce – dampiry – szkolą się na ich strażników. Najgroźniejszymi ich wrogami są strzygi, nieśmiertelne wampiry, które potrafią przeniknąć nawet do szkolnych klas i dormitoriów w poszukiwaniu kolejnych ofiar, władzy i krwi.Lissa Dragomir jest morojską księżniczką, ostatnią przedstawicielką swojego królewskiego rodu. Musi być cały czas chroniona przed strzygami, które zagrażają śmiertelnym wampirom takim jak ona. Rose Hathaway to dampirka, w której żyłach płynie ludzka i wampirza krew. Jest nie tylko najlepszą przyjaciółką Lissy, ale też jej najbardziej oddaną opiekunką. Łączy je niezwykła telepatyczna więź.Po dwóch latach życia na wolności Lissa i Rose wracają do Akademii. Przyjaciółki nie powinny ani na chwilę stracić czujności, tymczasem Lissa wpada w depresję, a Rose zostaje wystawiona na próbę nie tylko morderczych treningów, ale i zakazanej miłości. Staje przed wyborem między przyjaciółką, dla której żyje, a mężczyzną, bez którego nie może żyć… ",905,8698,0,"fantasy, science fiction",papier,Akademia wampirów (tom 1),Vampire Academy,Poradnia K,2023-02-22,2010-02-10,2007-01-01,304.0,5  godz. 4 min.,polski,9788367195492,Monika Gajdzińska,Akademia wampirów (2014),12361,2029.0,1490.0,4323,229.0,142.0,akademia wampirów&wampiry&mead,1691,1292,1760,1856,1158,518,190,147,46,40,https://lubimyczytac.pl/ksiazka/5057734/akademia-wampirow,,,,,,,,,,,,,,,,,,,,,,,,,,,,,,,,,,,,,,,,,,,,,,,,,,,,,,,,
Toshikazu Kawaguchi,https://lubimyczytac.pl/autor/187020/toshikazu-kawaguchi," Mała kawiarnia w Tokio pozwala swoim gościom na podróż w czasie. Pod warunkiem, że wrócą, zanim wystygnie kawa.Światowy bestseller. Ponad milion sprzedanych egzemplarzy.A gdyby móc cofnąć się w czasie? Gdyby choć na chwilę wrócić do przeszłości i spróbować coś wyjaśnić, czemuś zaradzić, spotkać się z kimś, może po raz ostatni…W małej bocznej uliczce w Tokio ukryła się klimatyczna kawiarnia, która od ponad stu lat serwuje starannie parzoną kawę. Krążą pogłoski, że swoim klientom oferuje też wyjątkową możliwość podróży w czasie.W „Zanim wystygnie kawa” spotykamy cztery osoby, z których każda ma nadzieję skorzystać z tej oferty. Ktoś chce się skonfrontować z dawną miłością, ktoś powrócić do czasów sprzed utraty pamięci, zobaczyć się z siostrą, spotkać córkę, której nigdy nie było okazji poznać.Wszystko może się wydarzyć, ale pod wieloma warunkami. Najważniejszy: musisz wrócić, zanim wystygnie twoja kawa. ",1527,8919,1,literatura piękna,papier,Zanim wystygnie kawa (tom 1),Kohi ga Samenai Uchi ni,Grupa Wydawnicza Relacja,2022-07-13,2015-12-05,2019-09-19,219.0,3  godz. 39 min.,polski,9788367216463,Joanna Dżdża,,10406,1682.0,125.0,6778,,393.0,Tokio&kawiarnia&tajemnica&podróż w czasie&literatura japońska&fantastyka,379,626,1663,2626,2123,867,303,210,81,41,https://lubimyczytac.pl/ksiazka/5017747/zanim-wystygnie-kawa,#0 Top 100 1 nagroda,,,Japońska Relacja,,,,,,,,,,,,,,,,,,,,,,,,,,,,,,,,,,,,,,,,,,,,,,,,,,,,
Peter V. Brett,https://lubimyczytac.pl/autor/18930/peter-v-brett," Sto tysięcy ludzi walczących ramię w ramię liczy się o wiele więcej niż sto milionów kulących się ze strachu.Dlaczego cierpimy? Przez alagai!Dlaczego Hannu Pash jest konieczna? Przez alagai! Bez alagai cały ten świat byłby niebiańskim rajem, spoczywającym w objęciach Everama...Jaki masz cel w życiu? Chcę zabijać alagai!A jak umrzesz? W szponach alagai! Dal’Sharum nie umierają w łóżkach ze starości! Nie padają ofiarą słabości bądź głodu! Dal’Sharum giną w bitwie, walczą, póki nie zasłużą na raj.Śmierć alagai! Chwała Everamowi! ",387,8385,1,"fantasy, science fiction",papier,Cykl Demoniczny (tom 2.1),The Desert Spear,Fabryka Słów,2022-03-25,2010-06-18,2012-07-01,515.0,8  godz. 35 min.,polski,9788379647194,Marcin Mortka,,11561,2316.0,630.0,2745,97.0,137.0,,909,1476,2877,2087,739,197,49,38,8,5,https://lubimyczytac.pl/ksiazka/5001456/pustynna-wlocznia-ksiega-i,,,,,,,,,,,,,,,,,,,,,,,,,,,,,,,,,,,,,,,,,,,,,,,,,,,,,,,,
Adam Mickiewicz,https://lubimyczytac.pl/autor/6520/adam-mickiewicz," Klasyka literatury polskiej i światowej w starannym wydaniu z przypisami – to książka, którą warto mieć w swojej domowej biblioteczce i do której warto wracać. Tekst opatrzono wskazówkami interpretacyjnymi i hasłami ułatwiającymi nawigację po książce – dzięki nim łatwo znaleźć potrzebny w trakcie omawiania lektury fragment, zgromadzić materiały do wypracowań i ustnych wypowiedzi, zapamiętać najważniejsze informacje i utrwalić znajomość lektury. ",246,8059,0,literatura piękna,papier,,,Wydawnictwo SBM,2021-08-16,1943-01-01,,72.0,1  godz. 12 min.,polski,9788382222371,,,15031,1390.0,63.0,846,,,Klasyka literatury&lektura,133,233,465,1376,1859,1885,789,889,183,247,https://lubimyczytac.pl/ksiazka/4978605/konrad-wallenrod,,,,,,,,,,,,,,,,,,,,,,,,,,,,,,,,,,,,,,,,,,,,,,,,,,,,,,,,
Brandon Sanderson,https://lubimyczytac.pl/autor/30385/brandon-sanderson," Książka autora ""Drogi królów"" i ""Słów światłości"".Przez tysiąc lat popiół zasypywał kraj, nie kwitły kwiaty. Przez tysiąc lat skaa wiedli niewolnicze życie w nędzy i strachu. Przez tysiąc lat Ostatni Imperator, ""Skrawek Nieskończoności”, posiadając władzę absolutną, rządził i stosował terror, niezwyciężony jak bóg. A kiedy nadzieja została porzucona już tak dawno, że nie pozostały z niej nawet wspomnienia, pokryty bliznami pół-skaa ze złamanym sercem odkrywa ją na nowo w piekielnym więzieniu Ostatniego Imperatora. Tam poznaje moce Zrodzonego z Mgły. Znakomity złodziejaszek i urodzony przywódca, wykorzystuje swoje talenty w intrydze, która ma pozbawić tronu i władzy samego Ostatniego Imperatora. ",743,8299,0,"fantasy, science fiction",papier,Z Mgły Zrodzony (tom 1),Mistborn,Mag,2015-06-15,2008-03-21,2006-07-17,689.0,11  godz. 29 min.,polski,9788374805537,Aleksandra Jagiełowicz,,10301,2288.0,683.0,7070,124.0,287.0,Z mgły zrodzony&mgła&ostatnie imperium,1286,2252,2642,1466,440,141,35,25,5,7,https://lubimyczytac.pl/ksiazka/255407/z-mgly-zrodzony,,,,Cosmere,,,,,,,,,,,,,,,,,,,,,,,,,,,,,,,,,,,,,,,,,,,,,,,,,,,,
Harlan Coben,https://lubimyczytac.pl/autor/18011/harlan-coben," Mecz US Open zostaje przerwany przez odgłos strzału. Ofiarą okazuje się tenisistka, Valerie Simpson. Próbowała wrócić do sportu po załamaniu nerwowym, a jako swojego agenta zaangażowała Myrona Bolitara. W tym czasie na karocie walczył inny klient Bolitara, Duane Richwood, i to właśnie on staje się podejrzanym numer 1.Myron musi działać szybko. Razem z przyjacielem, Winem, będą zmuszeni połączyć kawałki układanki, które pokierują ich do klubu, gdzie pewnej nocy popełnione zostało morderstwo... ",443,8100,0,"kryminał, sensacja, thriller",papier,Myron Bolitar (tom 2),Drop Shot,Albatros,2024-08-02,2003-01-01,1996-02-05,384.0,6  godz. 24 min.,polski,9788383612379,Zbigniew A. Królicki,,11942,1803.0,239.0,2597,,103.0,harlan coben&w labiryncie kłamstw&Myron Bolitar,474,657,1869,3163,1363,429,84,52,7,2,https://lubimyczytac.pl/ksiazka/5112148/krotka-pilka,,,,,,,,,,,,,,,,,,,,,,,,,,,,,,,,,,,,,,,,,,,,,,,,,,,,,,,,
Katarzyna Grochola,https://lubimyczytac.pl/autor/13350/katarzyna-grochola," Kultowa książka, kultowy film.Oto Judyta, od której wszystko się zaczęło. Także #judytowanie!Judyta nie ma łatwego życia. Właśnie skończyła 37 lat, mąż porzucił ją dla młodszej kobiety, a nastoletnia córka Tosia wkroczyła w okres buntu. Na dodatek jako autorka kolumny z poradami w piśmie kobiecym musi radzić innym, jak znaleźć szczęście. Nie ma jednak tego złego, co by na dobre nie wyszło. Koniec końców Judyta samodzielnie zbuduje dom na odludziu i zakocha się bez pamięci…Film nakręcony w 2004 roku na podstawie tej książki przyciągnął do kin prawie 2 miliony widzów. W stacjach telewizyjnych jednorazowo oglądało go około 5 milionów osób. Po dwudziestu latach od premiery produkcja z kreacjami Danuty Stenki, Artura Żmijewskiego i Joanny Brodzik nadal regularnie gości na ekranach, zyskując wielbicieli w kolejnych pokoleniach, czego dowodem jest popularny internetowy trend #judytowanie. ",481,7916,0,"literatura obyczajowa, romans",papier,Żaby i anioły (tom 1),,Wydawnictwo Literackie,2024-10-23,2001-01-01,,336.0,5  godz. 36 min.,polski,9788308085318,,,12376,1519.0,274.0,1050,35.0,37.0,Judyta&Tosia&Adam&literatura polska&ekranizacja,376,466,774,2028,1760,1418,385,450,93,166,https://lubimyczytac.pl/ksiazka/5162387/nigdy-w-zyciu,,,,,,,,,,,,,,,,,,,,,,,,,,,,,,,,,,,,,,,,,,,,,,,,,,,,,,,,
Rebecca F. Kuang,https://lubimyczytac.pl/autor/171328/rebecca-f-kuang," Kiedy jesteś sierotą wojenną świat ma dla ciebie głównie pogardę, odrzucenie, brutalność i ból. Czasem, jeśli akurat masz szczęście, obojętność. Jeśli natomiast do tego jesteś dziewczynką, szczęście ma twoja przybrana rodzina. Zawsze może ubić interes i sprzedać cię na żonę jakiemuś zamożnemu staruchowi. Rin doświadczyła tego wszystkiego. Jest nikim, jej życie nie ma dla nikogo żadnego znaczenia, nikogo też nie obchodzi jej los. Jeśli chce wydostać się z rynsztoka, w którym się wychowała, ma tylko dwie drogi. Pierwsza wiedzie przez łóżko obmierzłego starca. Druga, przez bramę Akademii Sinegradzkiej – elitarnej szkoły wojskowej. Aby podążyć tą drugą drogą, Rin zrobi wszystko, co tylko leży w ludzkiej mocy. A nawet więcej. To nie jest historia o potędze nauki, sile przyjaźni czy starciach wielkiej magii. To jest historia o kołach czasu, które nieustępliwie i bezlitośnie mielą ludzkie losy. I o dziewczynie, która zniszczyła cały mechanizm. Kamieniem, bo na miecz była za biedna. ",1147,8005,0,"fantasy, science fiction",papier,Wojna makowa (tom 1),The Poppy War,Fabryka Słów,2020-02-12,2020-01-01,2018-05-01,640.0,10  godz. 40 min.,polski,9788379645275,Grzegorz Komerski,,9347,2020.0,349.0,6701,,451.0,literatura chińska&fantasy,799,1278,2272,1970,1004,380,137,110,34,21,https://lubimyczytac.pl/ksiazka/4909870/wojna-makowa,#0 Top 100 1 nagroda,,,,,,,,,,,,,,,,,,,,,,,,,,,,,,,,,,,,,,,,,,,,,,,,,,,,,,,
Piotr C.,https://lubimyczytac.pl/autor/66882/piotr-c," „Pokolenie Ikea” to opowieść o ludziach, którzy pracują po to, aby spłacać kredyty, rozczarowani rygorystycznym, sprzedanym za namiastki szczęścia życiem.Jak zabawia się w piątkowy wieczór młody gwiazdor warszawskiej palestry?O czym śni Olga, grzeczna dziewczynka z dobrego domu, codziennie wbijająca się w garsonkę?Za czym tęsknią ludzie w szklanych wieżowcach?Co jeszcze można sprzedać?Czy życie trwa przez dwa tygodnie w roku?PREMIERA FILMU w marcu 2023 roku! W rolę Czarnego wcielił się Bartosz Gelner, a postać Olgi wykreowała Michalina Olszańska. W pozostałych rolach zobaczycie również Majkę Jeżowską (debiut na wielkim ekranie!),Pawła Małaszyńskiego, Jana Aleksandrowicz-Krasko oraz gościnnie Karolinę Gorczycę.Książka zawiera dodatki filmowe w postaci tekstów i zdjęć z planu zdjęciowego.PRZECZYTAJ, ZANIM OBEJRZYSZ FILM! ",998,7756,0,literatura piękna,papier,Pokolenie Ikea (tom 1),,Novae Res,2023-02-22,2012-05-30,,224.0,3  godz. 44 min.,polski,9788383133782,,Pokolenie Ikea (2023),10227,1699.0,101.0,2382,,151.0,,199,197,533,1036,1626,1362,872,777,546,608,https://lubimyczytac.pl/ksiazka/5056735/pokolenie-ikea,,,,,,,,,,,,,,,,,,,,,,,,,,,,,,,,,,,,,,,,,,,,,,,,,,,,,,,,
Gabriela Zapolska,https://lubimyczytac.pl/autor/18973/gabriela-zapolska," Moralność pan Dulskiej – tragifarsa kołtuńska jest dramatem w trzech aktach Gabrieli Zapolskiej należącym do kanonu literatury polskiej. Premiera utworu miała miejsce w Krakowie w 1906 roku. Sztuka opisuje obyczaje panujące w mieszczańskiej rodzinie Anieli Dulskiej. Główna bohaterka jest osobą dwulicową. Przykłada wielu starań, aby na pokaz, w oczach sąsiadów, wypaść na osobę szacowną i godną poważania. Ale są to tylko pozory, pod którymi kryje się wyrachowany egoizm, chciwość, brak życzliwości i pogarda dla ludzi ubogich. W domu pani Dulskiej królują interesowność i zakłamanie, czystej kalkulacji podporządkowany jest na przykład stosunek bohaterki do romansu jej syna ze służącą Hanką.Moralność pani Dulskiej jest krytyką mentalności drobnomieszczańskiej z silnym przesłaniem moralnym. Utwór zawiera zarówno elementy komedii, w których zachowanie kołtuńskie okazuje się godne śmiechu, jak i tragedii, gdzie to zachowanie prowadzi do ludzkich dramatów i łez. Sztuka spotkała się z entuzjastycznym przyjęciem, zarówno wśród widzów, jak i ludzi teatru. Była wielokrotnie wystawiana, często w doskonałej obsadzie aktorskiej. Dzisiaj jest tym bardziej aktualna, że we współczesnym świecie całkowitej tolerancji i odchodzenia od moralności chrześcijańskiej coraz trudniej krytykować chciwość i fałszywość pań i panów Dulskich. ",317,7515,0,"utwór dramatyczny (dramat, komedia, tragedia)",papier,Pani Dulska (tom 1),,Wydawnictwo SBM,2021-07-26,1953-01-01,,188.0,3  godz. 8 min.,polski,9788382222159,,,12738,1398.0,183.0,1669,,,lektura szkolna&literatura polska&literatura XX w.&Lwów&Kraków,233,486,988,2420,1754,1098,206,253,25,52,https://lubimyczytac.pl/ksiazka/4978621/moralnosc-pani-dulskiej,,,,Lektura z Opracowaniem - Wydawnictwo SBM,,,,,,,,,,,,,,,,,,,,,,,,,,,,,,,,,,,,,,,,,,,,,,,,,,,,
Paulo Coelho,https://lubimyczytac.pl/autor/14849/paulo-coelho," Pielgrzym jest tą powieścią Paula Coelho, która utorowała drogę do międzynarodowegosukcesu bestsellerowemu Alchemikowi. Pod wieloma względami te dwie książki siędopełniają - aby naprawdę zrozumieć jedną, musisz przeczytać drugą.Daj się wciągnąć w porywającą relację z pielgrzymki Coelho szlakiem Santiago deCompostela. Ta fascynująca opowieść mówi o potrzebie odnalezienia własnej drogi. Ma wsobie coś z powieści przygodowej, równocześnie jest przewodnikiem samopoznania. Widealny sposób łączy literacki urok z inspiracją do wglądu w głąb siebie.„Niezwykłe napotkać można na ścieżkach zwykłych ludzi”. ",346,7412,0,literatura piękna,papier,,Diário de um mago,Drzewo Babel,2024-10-10,2003-01-01,,,,polski,9788368087024,Krystyna Szeżyńska-Maćkowiak,,11648,2099.0,193.0,1507,19.0,96.0,powieść&przygoda&truizmy&złote myśli&topos drogi,250,393,496,1436,1502,1438,537,746,202,412,https://lubimyczytac.pl/ksiazka/5128638/pielgrzym,,,,,,,,,,,,,,,,,,,,,,,,,,,,,,,,,,,,,,,,,,,,,,,,,,,,,,,,
Jakub Małecki,https://lubimyczytac.pl/autor/30658/jakub-malecki," Przyjaźń poddana wielkiej próbie i marzenie, które staje się ciężarem.Lato 2002 roku. Czekając na powrót rodziców z wielkiego miasta, siedmioletni Szymon układa monety na torach. Nie wie, że jego życie już nigdy nie będzie takie, jak dotychczas.Kilka dekad wcześniej jego babka, Tośka, wyrusza w podróż, którą zapamięta na zawsze. Wyrwana z bezpiecznego domu dziewczynka trafia do obcego świata, którego zasad musi się nauczyć. Jako dorosła kobieta stanie przed konsekwencją swoich dawnych wyborów.Losy tych dwojga splatają się w sposób, którego żadne z nich się nie spodziewa. Zmuszeni żyć ze sobą, pomimo różnic, Szymon i Tośka próbują zrozumieć się nawzajem i uwierzyć, że wszystko będzie dobrze. ",1092,7613,0,literatura piękna,papier,,,Sine Qua Non,2021-09-24,2017-09-13,,288.0,4  godz. 48 min.,polski,9788382104714,,,8904,1412.0,330.0,4766,,145.0,II wojna światowa&literatura polska&miłość&odwaga&polska wieś&powieść obyczajowa&prowincja&przyjaźń&rodzina&rozczarowanie&samobójstwo&samotność&śmierć,653,1326,2559,1968,732,238,72,40,14,11,https://lubimyczytac.pl/ksiazka/4986412/rdza,#0 Top 100 1 nagroda,,,,,,,,,,,,,,,,,,,,,,,,,,,,,,,,,,,,,,,,,,,,,,,,,,,,,,,
Lucinda Riley,https://lubimyczytac.pl/autor/63837/lucinda-riley," Wydanie specjalne uwielbianej bestsellerowej sagi obyczajowej Siedem Sióstr, w którym grzbiety książek złożą się w bajecznie kolorową grafikę, a krawędzie stron ozdobią fantazyjne barwne wzory!Nastrojowa, pełna magii opowieść o Siedmiu Siostrach D’Aplièse, których przyszłość zapisana jest w gwiazdach.Choć urodziły się na różnych kontynentach, wychowały się w bajecznej posiadłości Atlantis na półwyspie Jeziora Genewskiego. Adopcyjny ojciec, nazywany przez nie Pa Saltem, nadał im imiona mitycznych Plejad. Każda ułożyła sobie życie po swojemu i rzadko mają okazję spotkać się wszystkie razem. Do domu ściąga je niespodziewana śmierć ojca, który zostawił każdej list i wskazówki mogące im pomóc w odkryciu własnych korzeni. Maja, najstarsza z sióstr D’Aplièse, podążając za wskazówkami Pa Salta, dociera do Brazylii, gdzie przystojny pisarz pokazuje jej uroki miasta i pomaga odkryć zagmatwaną przeszłość jej rodziny. Tropy wiodą ich do zrujnowanej willi w Rio de Janeiro. Tam Maja poznaje historię swojej przodkini z czasów belle époque, pełnej pasji Izabeli Bonifacio.Osiemdziesiąt lat wcześniej, w 1927 roku, ojciec Izabeli, plantator kawy, postanawia wydać córkę za arystokratę. W tym samym czasie ojciec jej przyjaciółki, architekt Heitor da Silva Costa, pracuje nad posągiem Chrystusa Odkupiciela. Aby zrealizować dzieło, musi udać się do Paryża, gdzie ma nadzieję znaleźć odpowiedniego wykonawcę projektu. Spragniona przygód, stęskniona za wielkim światem Izabela przekonuje ojca, by jeszcze przed ślubem pozwolił jej wziąć udział wyprawie Heitora do Europy. W tętniącym życiem przedwojennym Paryżu Izabela poznaje ambitnego młodego rzeźbiarza, Laurenta Brouilly’ego. I zyskuje pewność, że nic już nie będzie takie jak wcześniej. Czy historia prababki i matki pozwoli Mai odnaleźć drogę do własnego szczęścia?O spektakularnym sukcesie tego cyklu świadczy liczba tłumaczeń (37 języków) oraz rekordowa sprzedaż – ponad 25 milionów egzemplarzy. ",934,7629,0,"literatura obyczajowa, romans",papier,Siedem sióstr (tom 1),The Seven Sisters,Albatros,2024-11-13,2017-03-15,2015-01-01,544.0,9  godz. 4 min.,polski,9788383614021,"Maria Pstrągowska, Marzenna Rączkowska",,9265,1249.0,227.0,7718,,247.0,rodzina&siostry&adopcja&tajemnica&pochodzenie&Brazylia&Rio de Janeiro,852,987,2313,2081,900,278,86,78,28,26,https://lubimyczytac.pl/ksiazka/5134969/siedem-siostr,,,,,,,,,,,,,,,,,,,,,,,,,,,,,,,,,,,,,,,,,,,,,,,,,,,,,,,,
Jakub Małecki,https://lubimyczytac.pl/autor/30658/jakub-malecki," Porywająca opowieść o pięknie i okrucieństwie polskiej prowincji.Kończy się wojna. Jan Łabendowicz odmawia pomocy uciekającej Niemce i ta przeklina jego rodzinę. Wkrótce na świat przychodzi syn Jana: chłopiec o śnieżnobiałej skórze. Kilkadziesiąt kilometrów dalej, w starej szafie wybucha zapomniany granat, burząc życie Bronka Geldy i jego kilkuletniej córki.Na losy Geldów i Łabendowiczów wpływają kolejne dziejowe zawirowania i przepowiednie, a także osobiste słabości i obsesje. Drogi obu rodzin przecinają się w zaskakujący i niespodziewany sposób. Na dobre zespaja je uczucie dwojga odmieńców: introwertycznego albinosa i okaleczonej w płomieniach dziewczyny. ",1128,7574,0,literatura piękna,papier,,,Sine Qua Non,2021-05-12,2015-10-07,,336.0,5  godz. 36 min.,polski,9788382102192,,,8919,1475.0,362.0,4954,,114.0,Poznań&Armia Czerwona&groteska&II wojna światowa&ironia&klątwa&literatura polska&międzywojnie&obsesja&PRL&przeznaczenie&rodzina&tajemnica&uczucie&wieś,692,1430,2669,1833,644,176,62,38,15,15,https://lubimyczytac.pl/ksiazka/4968720/dygot,#0 Top 100 1 nagroda,,,,,,,,,,,,,,,,,,,,,,,,,,,,,,,,,,,,,,,,,,,,,,,,,,,,,,,
Paulina Świst,https://lubimyczytac.pl/autor/144166/paulina-swist," Trzydziestoletnia, niezwykle atrakcyjna Kinga Błońska jest szczęśliwą kobietą. To znaczy była. Od wielu lat dzieliła życie z tym samym mężczyzną a zawodowo, jako błyskotliwa adwokatka, odnosiła sukcesy na sali sądowej. Teraz jednak fortuna przestała jej sprzyjać: nie dość, że przyłapała męża na zdradzie, to musiała również podjąć się prowadzenia sprawy groźnego bandyty „Szarego”. Co gorsza, „Szary” jest jej przyrodnim bratem, z którym od dawna nie miała – i nie chciała mieć – nic do czynienia.Wydarzenia ostatnich tygodni postanawia odreagować w dyskotece. Po raz pierwszy w życiu ma ochotę zachować się nieodpowiedzialnie… i udaje się jej to aż za bardzo. Ląduje w mieszkaniu Łukasza, którego dopiero co poznała na parkiecie. Po niesamowitych miłosnych uniesieniach, zaspokojna seksualnie, ale skacowana moralnie, ukradkiem wraca do domu. Zaledwie kilka godzin później przekonuje się, że pech upodobał ją sobie na dobre: ""facet na jedną noc"" okazuje się prokuratorem prowadzącym sprawę jej przyrodniego brata. Jakby tego było mało, wszystko wskazuje na to, że pozasłużbowe kontakty Kingi i Łukasza nie ograniczą się do jednego gorącego spotkania… ",1105,7477,0,"literatura obyczajowa, romans",papier,Prokurator (tom 1),,Muza,2017-05-24,2017-05-24,,320.0,5  godz. 20 min.,polski,9788328706309,,,9757,1313.0,221.0,1835,,93.0,adwokat&literatura polska&namiętność&powieść kryminalna&pożądanie&proces sądowy&prokurator&przestępstwo&relacje damsko-męskie&relacje rodzinne&seks&stres&trauma&zdrada&romans&prawo&literatura xxi wieku&gliwice,837,587,1264,1708,1430,750,369,263,170,99,https://lubimyczytac.pl/ksiazka/4559828/prokurator,,,,,,,,,,,,,,,,,,,,,,,,,,,,,,,,,,,,,,,,,,,,,,,,,,,,,,,,
Terry Pratchett,https://lubimyczytac.pl/autor/3221/terry-pratchett," Jest to opowieść o tym, czym jest magia i dokąd zmierza, a co ważniejsze, skąd przychodzi i po co. Przedstawiona historia nie pretenduje do odpowiedzi na wszystkie te pytania, może jednak pomóc w wyjaśnieniu, dlaczego Gandalf nigdy się nie ożenił i dlaczego Merlin był mężczyzną. Jest to również opowieść o seksie, choć nie w sensie atletyczno-gimnastycznym, czy też w sensie policz wszystkie nogi i podziel przez dwa. Chyba że postacie całkowicie wyrwą się spod kontroli autora. I to jest możliwe. ",328,7218,0,"fantasy, science fiction",papier,Świat Dysku (tom 3),Equal Rites,Prószyński i S-ka,2006-01-10,1996-01-01,1987-01-01,200.0,3  godz. 20 min.,polski,9788376480404,Piotr W. Cholewa,,10725,2136.0,293.0,1761,70.0,78.0,Świat Dysku,360,700,1500,2750,1244,497,77,76,6,8,https://lubimyczytac.pl/ksiazka/4051/rownoumagicznienie,,,,Nowa Fantastyka [Seria książek],,,,,,,,,,,,,,,,,,,,,,,,,,,,,,,,,,,,,,,,,,,,,,,,,,,,
Meg Cabot,https://lubimyczytac.pl/autor/6222/meg-cabot," Pierwszy tom kultowej serii o księżniczce Mii.Cześć, jestem Mia. Mam czternaście lat, metr siedemdziesiąt pięć wzrostu, duże stopy i zagrożenie z algebry, innymi słowy – nic specjalnego. Razem z moją najlepszą przyjaciółką, genialną Lilly Moscovitz, zajmujemy miejsce na samym dole szkolnej hierarchii… choć ja mogę niedługo spaść jeszcze niżej, bo moja matka, zwariowana artystka, właśnie zaczęła randkować z nauczycielem. I to – uwaga! – naszym nauczycielem algebry (przypominam – zagrożenie). Gdy mi o tym powiedziała, byłam naprawdę wściekła – bo chyba nie może być już gorzej?A nie, wróć… może.Ojciec właśnie stwierdził, że ten tragiczny moment w moim życiu to idealny czas na to, żeby wyjawić mi, że jest księciem małego europejskiego państwa.Księciem, który nie może mieć więcej dzieci.Świetnie, co nie?Teraz on i grand-mère próbują przekonać mnie do wyjazdu do ich kraju, Genovii, nauki manier i wszystkiego, co wiąże się z byciem następczynią tronu (!). Moje zdanie niezbyt ich interesuje… A ja kocham Nowy Jork i nie chcę go opuszczać, nawet jeśli od teraz będę musiała ukrywać prawdę na swój temat. Chociaż, szczerze mówiąc, nie wiem, kto by uwierzył w tę porąbaną historię. Bo jak to brzmi? Sami zobaczcie:Cześć, jestem Mia. Mam czternaście lat… i chyba zostałam księżniczką. ",470,7080,0,literatura młodzieżowa,papier,Pamiętnik księżniczki (tom 1),The Princess Diaries,Prószyński i S-ka,2024-01-09,2001-01-01,2000-05-30,280.0,4  godz. 40 min.,polski,9788383521671,Magdalena Moltzan-Małkowska,Pamiętnik księżniczki (2001),12295,1004.0,298.0,725,44.0,,młodzieżowe&pamiętnik,356,459,604,1594,1635,1365,377,433,72,185,https://lubimyczytac.pl/ksiazka/5084462/pamietnik-ksiezniczki,,,,,,,,,,,,,,,,,,,,,,,,,,,,,,,,,,,,,,,,,,,,,,,,,,,,,,,,
Bonnie Garmus,https://lubimyczytac.pl/autor/232239/bonnie-garmus," Teraz światowy bestseller w nowej oprawie!Elizabeth Zott jest chemiczką i kobietą daleką od przeciętności. Byłaby zresztą gotowa jako pierwsza spierać się, czy coś takiego jak „przeciętna kobieta” w ogóle istnieje. Ale jest połowa lat 50. i jej koledzy z całkowicie męskoosobowego zespołu naukowców prezentują bardzo nienaukowe podejście do kwestii równouprawnienia płci. Wszyscy z wyjątkiem jednego: to Calvin Evans, słynący z pamiętliwości samotny geniusz, który zakochuje w umyśle Elizabeth. Co skutkuje autentyczną chemią.Tyle że, podobnie jak w przypadku nauki, życie bywa nieprzewidywalne. Dlatego parę lat później Elizabeth jest nie tylko samotną matką, ale i gwiazdą telewizyjnego programu kulinarnego. Jej niezwykłe podejście do gotowania staje się zaczątkiem rewolucji. W miarę jednak jak rosną zastępy jej sympatyków, rośnie też grupa niezadowolonych. Okazuje się bowiem, że Elizabeth nie uczy kobiet po prostu gotować – robi znacznie więcej. Ośmiela je do zmiany status quo.""Lekcje chemii"" są oryginalne i dynamiczne, a do tego zabawne do rozpuku, przenikliwie trafne i pełne krwistych postaci drugoplanowych. ",1084,7346,0,literatura piękna,papier,,Lessons in Chemistry,Marginesy,2024-11-13,2022-09-07,2022-04-05,464.0,7  godz. 44 min.,polski,9788368265088,Marek Cieślik,Lekcje chemii (2023),8312,526.0,247.0,4147,,229.0,chemiczka&gotowanie&kobieta&feminizm&pewność siebie&literatura amerykańska,986,1637,2530,1323,507,181,79,54,30,19,https://lubimyczytac.pl/ksiazka/5164809/lekcje-chemii,#0 Top 100 1 nagroda,,,,,,,,,,,,,,,,,,,,,,,,,,,,,,,,,,,,,,,,,,,,,,,,,,,,,,,
Harlan Coben,https://lubimyczytac.pl/autor/18011/harlan-coben," JEDEN TELEFON, JEDNA OBIETNICA, A ŻYCIE STAJE SIĘ KOSZMAREM. MYRON BOLITAR TYM RAZEM CHCIAŁ TRZYMAĆ SIĘ Z DALEKA OD KŁOPOTÓW.ALE KŁOPOTY ZDAJĄ SIĘ O TYM NIE WIEDZIEĆ… Wszystko zaczyna się od jednego telefonu. Wystraszona nastolatka, Aimee, potrzebuje pomocy, a Myron Bolitar nie może jej odmówić. Zabiera ją z ciemnej ulicy i – chociaż wcale nie chce tego robić – zawozi pod nieznany adres. Gorzko tego pożałuje.Dziewczyna znika, a Myron jest ostatnią osobą, która ją widziała. Przez jedną obietnicę, złożoną w dobrej wierze, jego życie – i życie rodziców Aimee – zamienia się w koszmar. Mimo że od sześciu lat nie zajmował się żadną sprawą kryminalną, Bolitar postanawia wrócić do praktyki detektywistycznej i odnaleźć dziewczynę, zanim ta przepadnie na dobre.SKOMPLIKOWANE ŚLEDZTWA, KULISY ŚWIATA SPORTU I PEŁNE NAMIĘTNOŚCI RELACJE MIĘDZY BARWNYMI POSTACIAMI – TO ZNAKI ROZPOZNAWCZE HARLANA COBENA, AMERYKAŃSKIEGO MISTRZA THRILLERA. SERIA O MYRONIE BOLITARZE TO ELEKTRYZUJĄCA UCZTA DLA MIŁOŚNIKÓW ZAGADEK KRYMINALNYCH – PEŁNA INTRYG I ZASKAKUJĄCYCH ZWROTÓW AKCJI, BŁYSKOTLIWYCH DIALOGÓW ORAZ DUŻEJ DAWKI HUMORU!SERIAL Z MYRONEM BOLITAREM JUŻ WKRÓTCE NA PLATFORMIE NETFLIX! ",373,7097,0,"kryminał, sensacja, thriller",papier,Myron Bolitar (tom 8),Promise me,Albatros,2024-09-04,2007-01-01,2006-01-01,416.0,6  godz. 56 min.,polski,9788383613451,Zbigniew A. Królicki,,10672,1777.0,255.0,3161,,94.0,,456,702,1689,2703,1097,350,53,34,6,7,https://lubimyczytac.pl/ksiazka/5127591/obiecaj-mi,,,,W labiryncie kłamstw,,,,,,,,,,,,,,,,,,,,,,,,,,,,,,,,,,,,,,,,,,,,,,,,,,,,
Yōko Ogawa,https://lubimyczytac.pl/autor/49942/y-ko-ogawa," Jak przystało na wybitnego matematyka, Profesor ma swoje dziwactwa. Pewnego dnia w progu jego domu pojawia się nowa gosposia z synem, od tej pory nazywanym pieszczotliwie Pierwiastkiem. Wspólne życie pokaże, że znacznie łatwiej napisać skomplikowane równanie niż ułożyć relacje z drugim człowiekiem. Językiem, który pozwoli im zbudować namiastkę rodziny, stają się matematyka i baseball. Ale swoją relację będą musieli odbudowywać co osiemdziesiąt minut…Ukochane równanie profesora Yōko Ogawy zostało wyróżnione pierwszą w historii nagrodą Hon’ya Taishō, przyznawaną przez japoński kolektyw księgarzy. Ta kameralna opowieść do dziś pozostaje bestsellerem i uznawana jest za jedną z najukochańszych powieści współczesnej Japonii. ",957,7074,0,literatura piękna,papier,,博士の愛した数式,Tajfuny,2019-07-07,2019-07-07,2005-12-01,192.0,3  godz. 12 min.,polski,9788395243325,Anna Horikoshi,,8289,1060.0,259.0,5193,,220.0,literatura japońska&proza współczesna,562,1065,2192,2039,838,248,73,33,15,9,https://lubimyczytac.pl/ksiazka/4889168/ukochane-rownanie-profesora,,,,,,,,,,,,,,,,,,,,,,,,,,,,,,,,,,,,,,,,,,,,,,,,,,,,,,,,
Przemysław Piotrowski,https://lubimyczytac.pl/autor/111252/przemyslaw-piotrowski," Zima. W lesie nieopodal Zielonej Góry odnaleziona zostaje ręka. Wstępne oględziny wskazują, że została ona… odgryziona przez człowieka.Atmosfera niepokoju w mieście narasta. W mediach pojawiają się pogłoski o grasującym w okolicach wilkołaku. Niedługo potem śledczy trafiają na zmasakrowane zwłoki zaginionej niedawno zakonnicy – ofiara została zamordowana, a jej ciało rozszarpały wilki. Inspektor Romuald Czarnecki powołuje specjalną grupę dochodzeniowo-śledczą, w skład której wchodzą również Igor Brudny i Julia Zawadzka ze stołecznej policji. Talent i trudna przeszłość komisarza Brudnego po raz kolejny mogą okazać się nieocenione.Mimo zdecydowanych działań śledztwo komplikuje się coraz bardziej. Brudny musi ustalić, czy sprawca ma jakiś związek z sierocińcem sióstr hieronimek, w którym sam się wychowywał. Łowy dopiero się zaczynają. ",1047,6896,0,"kryminał, sensacja, thriller",papier,Igor Brudny (tom 2),,Czarna Owca,2020-08-12,2020-08-12,,536.0,8  godz. 56 min.,polski,9788381436045,,,8071,911.0,125.0,2019,,106.0,kryminał&literatura polska&manipulacja&obsesja&panika&policjant&polski kryminał&powieść kryminalna&seryjny zabójca&śledztwo&zemsta,636,936,2293,1940,761,189,69,48,13,11,https://lubimyczytac.pl/ksiazka/4926861/sfora,,,,,,,,,,,,,,,,,,,,,,,,,,,,,,,,,,,,,,,,,,,,,,,,,,,,,,,,
Harlan Coben,https://lubimyczytac.pl/autor/18011/harlan-coben," Kto mógł porwać nastoletniego syna Jacka Coldrena, znanego golfisty, lidera mistrzostw USA?Agent sportowy Myron Bolitar starannie zbiera poszlaki i rusza w pogoń za podejrzanymi. Czeka go niemałe zaskoczenie, kiedy prowadząc tę sprawę, natyka się na niewyjaśnione morderstwo sprzed dwudziestu trzech lat. Jak obie sprawy się łączą? Czy uda się uratować chłopca?Jedyny trop, jakim dysponuje Myron, to karta kredytowa zaginionego, z której ktoś ciągle korzysta. Im głębiej Bolitar wnika w sekrety rodziny znanego golfisty, tym więcej pojawia się wokół niego arystokratów i… kryminalistów. Jak się okazuje, golf to niezwykle brutalna gra.Emocjonujący thriller z jednym z najbardziej fascynujących i złożonych bohaterów, jakich kiedykolwiek powołano do życia.„Błękitna krew“ jest kryminałem totalnym. Muszę przyznać, że jak zwykle dałem się zaskoczyć i po raz kolejny przyrzekłem sobie, że nie będę próbował zgadywać, jak rozwiąże się akcja w książkach Cobena. Harpen, Gildia.plHarlan Coben jest wybitnym autorem thrillerów – i moim ulubionym. John Grisham ",370,6473,0,"kryminał, sensacja, thriller",papier,Myron Bolitar (tom 4),Back Spin,Albatros,2024-08-14,2006-01-01,1998-06-01,384.0,6  godz. 24 min.,polski,9788383613437,Andrzej Grabowski,,9635,1454.0,197.0,2705,,90.0,Myrion Bolitar&thriller&Harlan Coben,391,542,1329,2380,1240,448,84,50,6,3,https://lubimyczytac.pl/ksiazka/5119852/blekitna-krew,,,,W labiryncie kłamstw,,,,,,,,,,,,,,,,,,,,,,,,,,,,,,,,,,,,,,,,,,,,,,,,,,,,
Andrzej Pilipiuk,https://lubimyczytac.pl/autor/3218/andrzej-pilipiuk," Jakub Wędrowycz polską odpowiedzią na Conana Barbarzyńcę.- Andriej BielaninŻe bimbrownik, degenerat i społeczny pasożyt? A kto ochronił ludzkość przed Golemem i skrzyżowaniem wąglika z chorobą wściekłych krów? Dzięki komu doszło do obrad Okrągłego Stołu? Kto niby w 1948. uratował Świętego Mikołaja przed komunistami?Wędrowycz żywi, poi, ubiera, Wędrowycz nigdy nie umiera. Właśnie rusza na podbój stolicy. ",255,6191,0,"fantasy, science fiction",papier,Oblicza Wędrowycza (tom 6),,Fabryka Słów,2009-08-28,2009-08-28,,360.0,6  godz. 0 min.,polski,9788375741889,,,9103,1802.0,256.0,1720,80.0,65.0,Jakub Wędrowycz&egzorcysta&bimbrownik,371,512,1005,1989,1321,628,153,149,29,34,https://lubimyczytac.pl/ksiazka/4540/homo-bimbrownikus,,,,Bestsellery polskiej fantastyki,,,,,,,,,,,,,,,,,,,,,,,,,,,,,,,,,,,,,,,,,,,,,,,,,,,,
Andrzej Pilipiuk,https://lubimyczytac.pl/autor/3218/andrzej-pilipiuk," Kiedy wrogie armie ścierają się koło twego domu, kiedy Zieloni Mściciele wkraczają do akcji, a potężna klątwa egipska zagraża wszystkim i wszystkiemu, pojawia się On. Nie jest superbohaterem, nadczłowiekiem, nie ratuje ludzkości w imię wyższych celów. Rozpoznacie go bez trudu. Walonki, kufajka, czapka uszanka i ten specyficzny... aromat? Najbardziej charakterystyczny bohater polskiej fantastyki. Bimbrownik, egzorcysta... po prostu Jakub Wędrowycz. Powraca w wielkim stylu!„Wieszać każdy może” to kolejna książka o tej kultowej postaci. W typowo „wędrowyczowskich” opowiadaniach poznacie jedną z wojennych przygód bohatera, dowiecie się, kim są „Zieloni Mściciele” oraz wysłuchacie wykładu na tematy fachowe. Autor ujawni wreszcie prawdziwe imię Baby Jagi i pokaże zgubne efekty działania kaca. Po raz pierwszy okaże się również, że był ktoś, kto mógł wypić więcej niż Jakub Wędrowycz. Ale nie był człowiekiem, więc się nie liczy. A na koniec... na koniec poznacie siłę prawdziwej egipskiej klątwy.Tym razem do Wędrowycza dołączy również Wieśmin – bohater opowiadania nagrodzonego w konkursie literackim „U nas za stodołą”. Opowiadanie po części wyjaśnia tajemnicę niezwykłej płodności twórczej Andrzeja Pilipiuka. ",197,6160,0,"fantasy, science fiction",papier,Oblicza Wędrowycza (tom 5),,Fabryka Słów,2009-01-01,2009-01-01,,328.0,5  godz. 28 min.,polski,9788375740639,,,9264,1769.0,291.0,1572,83.0,41.0,Jakub Wędrowycz&egzorcysta&bimbrownik,398,639,1324,2240,965,422,83,63,12,14,https://lubimyczytac.pl/ksiazka/4307/wieszac-kazdy-moze,,,,,,,,,,,,,,,,,,,,,,,,,,,,,,,,,,,,,,,,,,,,,,,,,,,,,,,,
Colleen Hoover,https://lubimyczytac.pl/autor/69326/colleen-hoover," Znajdź w sobie odwagę, by wyznać… SEKRET PRAWDĘ MIŁOŚĆ Niewypowiedziane pragnienia, bolesna przeszłość i głęboko skrywane grzechy są dla Owena największą inspiracją. Utalentowany malarz kolekcjonuje anonimowe wyznania i przenosi je na płótno. Auburn od kilku lat walczy o odzyskanie normalnego życia i desperacko potrzebuje pieniędzy. Zakochanie się w przystojnym malarzu nie jest częścią jej planu, ale przekorne przeznaczenie stawia na swoim. Dziewczyna odkrywa jednak, że przeszłość ukochanego może odebrać jej to, co dla niej najważniejsze...Wszystkie wyznania, które przeczytacie w tej powieści, są prawdziwe. ",667,6245,0,"literatura obyczajowa, romans",papier,,Confess,Otwarte,2017-05-10,2017-01-01,2015-03-10,304.0,5  godz. 4 min.,polski,9788375154382,Matylda Biernacka,,8310,1258.0,598.0,4618,99.0,114.0,,1108,1178,1643,1334,616,224,72,49,11,10,https://lubimyczytac.pl/ksiazka/4408249/confess,#0 Top 100 1 nagroda,,,,,,,,,,,,,,,,,,,,,,,,,,,,,,,,,,,,,,,,,,,,,,,,,,,,,,,
Jennifer L. Armentrout,https://lubimyczytac.pl/autor/63908/jennifer-l-armentrout," Oni nie są tacy jak my…Kiedy przeprowadziliśmy się do Zachodniej Wirginii, zanim zaczęłam mój ostatni rok w szkole, musiałam przyzwyczaić się do dziwacznego akcentu, rwącego się łącza internetowego i całego morza otaczającej mnie nudy. Aż do momentu, kiedy spotkałam mojego nowego, wysokiego sąsiada o niesamowitych, zielonych oczach. Wtedy sprawy zaczęły obierać zupełnie inny kierunek.Jednak gdy zaczęłam z nim rozmawiać, zrozumiałam, że Daemon jest wyniosły, arogancki i doprowadza mnie do szału. Było nam zupełnie nie po drodze. Zupełnie. Jednak kiedy prawie nie zginęłam, a Daemon dosłownie zamroził czas, cóż... stało się coś zupełnie niespodziewanego.Przez niego i jego pochodzenie wpadłam w kłopoty i groziło mi śmiertelne niebezpieczeństwo. Jedyną szansą, żebym wyszła z tego cało, było trzymanie się blisko Daemona, który jako jedyny potrafił mnie ochronić. Oczywiście, jeśli za jego arogancję nie zabiję go pierwsza... ",713,6173,0,romantasy,papier,Lux (tom 1),Obsidian,Filia,2019-04-17,2014-05-21,2012-05-08,450.0,7  godz. 30 min.,polski,9788380756632,,,8365,1234.0,984.0,3930,254.0,83.0,,1387,960,1489,1229,629,292,81,52,27,27,https://lubimyczytac.pl/ksiazka/4881760/obsydian,,,,,,,,,,,,,,,,,,,,,,,,,,,,,,,,,,,,,,,,,,,,,,,,,,,,,,,,
Remigiusz Mróz,https://lubimyczytac.pl/autor/82094/remigiusz-mroz," Marszałek sejmu, Daria Seyda, budzi się w pokoju hotelowym, nie pamiętając, jak się w nim znalazła ani co się z nią działo przez ostatnich dziesięć godzin. Jest przekonana, że stała się ofiarą manipulacji, ale nie wie, kto ani dlaczego może za nią stać.Tymczasem Patryk Hauer, wschodząca gwiazda prawicy, podczas prac komisji śledczej odkrywa polityczny spisek sięgający najistotniejszych osób w kręgach władzy.Seyda i Hauer znajdują się po przeciwnych stronach sceny politycznej. Dzieli ich wszystko, ale połączy jedna sprawa… ",715,6265,0,"kryminał, sensacja, thriller",papier,W kręgach władzy (tom 1),,Filia,2022-10-12,2017-01-11,,624.0,10  godz. 24 min.,polski,9788382803013,,Wotum nieufności (2022),8282,1690.0,132.0,3437,,263.0,political fiction&literatura polska&manipulacja&niebezpieczeństwo&powieść kryminalna&szantaż&śledztwo&walka o władzę&zagadka kryminalna,404,723,1749,1960,934,288,90,74,19,24,https://lubimyczytac.pl/ksiazka/5040210/wotum-nieufnosci,,,,,,,,,,,,,,,,,,,,,,,,,,,,,,,,,,,,,,,,,,,,,,,,,,,,,,,,
Kurt Vonnegut,https://lubimyczytac.pl/autor/16435/kurt-vonnegut," Jedna z najważniejszych pozycji w bogatym dorobku Kurta Vonneguta, urzekającą bogactwem pomysłów i komizmu.„Kocia kołyska” to przypowiastka filozoficzna o współczesnym świecie i jego końcu, to Kurt Vonnegut w swojej mistrzowskiej formie. I właśnie po ukazaniu się tej powieści Graham Green nazwał go jednym z największych pisarzy amerykańskich.Narrator zamierza napisać książkę o wybuchu pierwszej bomby atomowej i życiu jej twórcy, doktora Feliksa Hoenikera. Tymczasem trafia na wyimaginowaną wyspę San Lorenzo, skąd obserwuje rzeczywistą zagładę Ameryki, która miała być tematem jego powieści. Wariacje Vonneguta na temat ludzkiej pomysłowości i zamiłowania do zabaw i gier obrazują kondycję naszej cywilizacji, w której ludzie wolą uciekać w fantazję i kłamstwa, zawierzyć choćby najbardziej nieprawdopodobnej religii niż zmagać się z rzeczywistością i prawdą. ",347,5720,0,literatura piękna,papier,,Cat's Cradle,Zysk i S-ka,2019-01-28,1971-01-01,1988-01-01,360.0,6  godz. 0 min.,polski,9788381165440,Lech Jęczmyk,,7758,1523.0,366.0,3736,57.0,103.0,,420,955,1491,1689,726,304,77,47,6,6,https://lubimyczytac.pl/ksiazka/4873198/kocia-kolyska,,,,Vonnegut,,,,,,,,,,,,,,,,,,,,,,,,,,,,,,,,,,,,,,,,,,,,,,,,,,,,
John Steinbeck,https://lubimyczytac.pl/autor/19863/john-steinbeck," Porywająca lekcja historii… Amerykańska klasyka w najlepszym tego słowa znaczeniu!Stany Zjednoczone, lata 30. XX wieku. Wielki kryzys zbiera tragiczne żniwo. Rodzina Joadów decyduje się opuścić rodzinną Oklahomę i w poszukiwaniu pracy przenieść się do Kalifornii. Po dotarciu na miejsce okazuje się jednak, że nie ma ono nic wspólnego z krainą mlekiem i miodem płynącą znaną z reklamowych folderów. Zamieszkujący ją farmerzy - sami dotknięci bezrobociem i ledwo wiążący koniec z końcem - są do przybywających do ich stanu nastawieni wręcz wrogo. Czy w takich okolicznościach Joadom uda się stworzyć dla siebie jakąś przyszłość? Ile będą gotowi poświęcić, by przeżyć?Historia o świecie wyzysku i wysiedlania ranczerów z ich rodzinnych stron w chwili premiery wzbudziła liczne kontrowersje. Negatywna wizja kapitalizmu rozdrażniła polityków u steru do tego stopnia, że powieść znalazła się na liście książek zakazanych w Stanach Zjednoczonych.W 1940 roku ""Grona gniewu"" otrzymały Nagrodę Pulitzera oraz National Book Award. W ekranizacji książki wyreżyserowanej przez Johna Forda w roli głównej wystąpił Henry Fonda. Ten obsypany nagrodami film tylko potwierdził prawo Steinbecka do miejsca w kanonie literatury pięknej – dotąd pozostaje on zresztą jednym z najpoczytniejszych pisarzy XX wieku. ",622,5541,0,literatura piękna,papier,,The Grapes of Wrath,Prószyński i S-ka,2022-02-10,1956-10-01,1976-01-01,672.0,11  godz. 12 min.,polski,9788382343687,Alfred Liebfeld,Grona gniewu (1940),6988,1426.0,385.0,9458,94.0,205.0,bezrobocie&bieda&Kalifornia&klasyka literatury&kobieta&mężczyzna&poszukiwanie pracy&powieść amerykańska&Pulitzer&rywalizacja&USA&walka o przetrwanie&wielki kryzys&literatura amerykańska&klasyka&nagroda Nobla&noblista,1058,1549,1535,946,299,87,36,22,2,7,https://lubimyczytac.pl/ksiazka/4995039/grona-gniewu,#0 Top 100 2 nagrody,,,,,,,,,,,,,,,,,,,,,,,,,,,,,,,,,,,,,,,,,,,,,,,,,,,,,,,
Andrzej Pilipiuk,https://lubimyczytac.pl/autor/3218/andrzej-pilipiuk," I znowu odliczamy 2586 kroków... Tylko tyle. I aż tyle. Opowiadanie po opowiadaniu.To już V wydanie antologii, w nowej okładce, bez Wędrowycza, za to ze znakiem firmowym Pilipiuka w postaci niepowtarzalnego humoru i zdumiewających pomysłów. Czternaście historii, z których wieje grozą i mrocznym nastrojem. Odliczmy więc 2586 kroków...I krok: To jedna z najlepszych polskich antologii. Bardzo dobrze, lekko napisana, pełna świetnych pomysłów, ciekawa i świeża. Obowiązkowa rzecz na każdej półce. (Tomasz Kleta, Avatarae)II krok: 14 opowiadań zebranych w 1 książce to 13 różnych bohaterów, 14 niesamowitych historii, 14świetnych pomysłów i kilka godzin ciekawej lektury. (Piotr 'Szarik' Iwanicki, Playback)III krok: Najlepsze ze zbioru - tytułowe 2586 kroków i Wieczorne dzwony — to najdojrzalsze i najlepiej dopracowane opowiadania grozy, urzekające mrocznym nastrojem, bazującym na lęku przed chorobą, godne porównań do klimatów twórczości E. A. Poe. (Małgorzata Koczańska, Fahrenheit)Dalej liczcie już sami... ",334,5473,0,"fantasy, science fiction",papier,Światy Pilipiuka (tom 1),,Fabryka Słów,2013-10-25,2005-04-01,,528.0,8  godz. 48 min.,polski,9788375749298,,,7596,1818.0,174.0,1827,67.0,100.0,opowiadanie polskie,267,501,1113,2036,968,452,73,48,4,11,https://lubimyczytac.pl/ksiazka/224839/2586-krokow,,,,,,,,,,,,,,,,,,,,,,,,,,,,,,,,,,,,,,,,,,,,,,,,,,,,,,,,
Henning Mankell,https://lubimyczytac.pl/autor/19077/henning-mankell," W niewielkiej mieścinie na południu Szwecji z rąk sadystycznych morderców ginie para staruszków. Prowadzący śledztwo komisarz Wallander nie znajduje motywów okrutnej zbrodni; małżonkowie nie mieli wrogów, z domu nic nie zginęło, a jedynym śladem jest powtarzane przez umierającą kobietę słowo ""cudzoziemcy"". Informacja przedostaje się do prasy, wywołując tragiczne w skutkach, rasistowskie akty odwetu, za którymi stoi organizacja neonazistowska. Wallander podejmuje ten trop; dowiaduje się również, że zamordowany staruszek dorobił się w czasie wojny majątku, współpracując z Niemcami. Niestety, i te ślady prowadzą donikąd. Mankell znakomicie łączy pasjonującą, pełną napięcia historię kryminalną z przenikliwą diagnozą polityki władz szwedzkich wobec imigrantów. Obnaża niekompetencje instytucji powołanych do nadzoru nad azylantami, nieprecyzyjne kryteria selekcji i wrogość części szwedzkiego społeczeństwa do obcych. Książka uznana została za najlepszą szwedzką powieść kryminalną roku 1991 oraz za najlepszą powieść kryminalną w krajach nordyckich. ",391,4718,0,"kryminał, sensacja, thriller",papier,Komisarz Wallander (tom 1),Mördare utan ansikte,W.A.B.,2011-07-01,2004-05-01,2002-01-01,328.0,5  godz. 28 min.,polski,9788377475607,Anna Marciniakówna,,6513,1153.0,92.0,2010,,58.0,literatura szwedzka&kryminał&morderstwo,174,236,646,1738,1272,457,107,62,17,9,https://lubimyczytac.pl/ksiazka/107783/morderca-bez-twarzy,,,,Mroczna Seria,,,,,,,,,,,,,,,,,,,,,,,,,,,,,,,,,,,,,,,,,,,,,,,,,,,,
S.J. Watson,https://lubimyczytac.pl/autor/63145/s-j-watson," Wspomnienia nas definiują.Wyobraź więc sobie, że tracisz je za każdym razem, kiedy zapadasz w sen.Zapominasz, jak się nazywasz, kim jesteś.Nie pamiętasz wydarzeń z przeszłości, nie rozpoznajesz ludzi, których kochasz – wszystko to znika w ciągu jednej nocy.A jedyna osoba, której ufasz, być może mówi ci jedynie połowę prawdy…Christine budzi się co rano w obcym łóżku u boku obcego mężczyzny. W lustrze widzi twarz nieznajomej kobiety, dużo starszej od niej. I co rano się dowiaduje, że to jej twarz, jej mąż, jej łóżko. Że przed dwudziestu laty na skutek wypadku straciła zdolność zapamiętywania. Co rano przeżywa wstrząs, co rano musi się z nim godzić. Jej życie wydaje się tragicznie proste.Powoli jednak okazuje się, że ta prostota jest pozorna. Że Christine ma swojego neurologa, o którym nie wie jej mąż, że prowadzi pamiętnik, dzięki któremu może częściowo zapełnić luki w pamięci. Kobietę zaczyna niepokoić jej całkowita zależność od męża. Okazuje się, że ma jakieś inne wspomnienia niż te, które co rano pieczołowicie mąż odtwarza. Christine zaczyna stawiać nowe pytania – jak wyglądał jej wypadek, dlaczego nie mają dzieci, co się stało z jej przyjaciółką? Im bardziej się zbliża do prawdy, tym bardziej niewiarygodna ona się staje. ",663,4571,0,"kryminał, sensacja, thriller",papier,,Before I Go to Sleep,Sonia Draga,2016-04-16,2011-01-01,2011-06-14,408.0,6  godz. 48 min.,polski,9788379997299,Ewa Penksyk-Kluczkowska,,5750,1044.0,299.0,4325,54.0,83.0,literatura brytyjska&literatura angielska&amnezja&przeszłość&pamiętnik&Ewa Penksyk-Kluczkowska,388,647,1308,1281,653,188,64,33,5,4,https://lubimyczytac.pl/ksiazka/299154/zanim-zasne,,,,,,,,,,,,,,,,,,,,,,,,,,,,,,,,,,,,,,,,,,,,,,,,,,,,,,,,
Katarzyna Bonda,https://lubimyczytac.pl/autor/14572/katarzyna-bonda," Trzecia z serii czterech książek o utalentowanej profilerce Saszy Załuskiej. Kolejne portrety psychologiczne zbrodniarzy krok po kroku prowadzą ją do odkrycia mrocznej tajemnicy z własnej przeszłości.Hipnotyzująca Łódź, tajemnicze miasto, które nikomu, kto choć raz się w nim znalazł, nie da już o sobie zapomnieć. I Sasza Załuska, która będzie musiała stawić czoła szalonemu podpalaczowi.""Lampiony"" – kolejna po ""Pochłaniaczu"" i ""Okularniku"" część bestsellerowej serii ""Cztery żywioły"" Saszy Załuskiej. ",637,4537,0,"kryminał, sensacja, thriller",papier,Cztery żywioły Saszy Załuskiej (tom 3),,Muza,2017-04-12,2016-09-28,,640.0,10  godz. 40 min.,polski,9788328707054,,,6203,1517.0,43.0,2641,,170.0,literatura polska&zbrodnia&ogień&II wojna światowa&kryminał&literatura polska&policja&polski kryminał&śledztwo&ślub&tajemnica&wieś&zabójstwo&zagadka kryminalna&zemsta,141,123,381,852,1203,873,389,327,152,96,https://lubimyczytac.pl/ksiazka/4452649/lampiony-wszystko-rodzi-sie-z-ognia-i-do-niego-powraca,#0 Top 100 1 nagroda,,,,,,,,,,,,,,,,,,,,,,,,,,,,,,,,,,,,,,,,,,,,,,,,,,,,,,,
